{"cameraMode":{"drawMode":0,"name":"Shaded","section":"Shading Mode"},"sceneLighting":false,"audioPlay":false,"sceneViewState":{"m_AlwaysRefresh":false,"showFog":false,"showSkybox":false,"showFlares":false,"showImageEffects":false,"showParticleSystems":false,"showVisualEffectGraphs":false,"m_FxEnabled":true},"in2DMode":false,"pivot":{"x":0.046363115310668948,"y":-2.6536941528320314,"z":-0.2986786961555481},"rotation":{"x":0.08349082618951798,"y":-0.09849030524492264,"z":0.008292267099022866,"w":0.991597592830658},"size":1.2437584400177003,"orthographic":false}