{"cameraMode":{"drawMode":0,"name":"Shaded","section":"Shading Mode"},"sceneLighting":true,"audioPlay":false,"sceneViewState":{"m_AlwaysRefresh":false,"showFog":false,"showSkybox":true,"showFlares":false,"showImageEffects":false,"showParticleSystems":false,"showVisualEffectGraphs":false,"m_FxEnabled":true},"in2DMode":false,"pivot":{"x":-33.622745513916019,"y":12.881437301635743,"z":-9.542861938476563},"rotation":{"x":0.06963599473237992,"y":0.15054750442504884,"z":-0.010627718642354012,"w":0.9860967397689819},"size":15.053328514099121,"orthographic":false}